"word";"freq"
"gmp_usagers";143
"hs_appel";122
"gmp_systeme";120
"gmp_securiteaccess";110
"hs_rapportparam";107
"gmp_eigen_agent";90
"gmp_eigen_agent_wsresp";90
"hs_tache";33
"hs_liste_tache";22
"hs_client";21
"sv00560";20
"hs_groupedelegation";16
"sv000805";16
"hs_regroupement";13
"gmp_tarif";11
"hs_produit";11
"gmp_postal";10
"hs_changement_adresse";10
"hysec..rm00103";10
"gmp_partenaires";9
"gmp_rabais";9
"sv00310";9
"gmp_typestarifs";7
"hs_raisonannulation";6
"sv00405";6
"gmp_communication";5
"gmp_sv00310";5
"sv00301";5
"worktacheinout_ed50617";5
"hs_regroupementusager";4
"gmp_sv00515";3
"hs_log_impressionrapports";3
"sv00515";3
"gmp_log_script_sent";2
"gmp_modele";2
"gmp_rabais_lien";2
"gmp_rabais_type";2
"gmp_rabaisweb_equipement";2
"hs_communication_usagers";2
"hs_liste_tache)";2
"sv00410";2
"compagnie";1
"gmi_periode";1
"gmp_batiment";1
"gmp_categorieprobleme";1
"gmp_courriels";1
"gmp_departement";1
"gmp_font";1
"gmp_fontcolor";1
"gmp_fontsize";1
"gmp_fontstyle";1
"gmp_orderby";1
"gmp_province";1
"gmp_ville";1
"hs_equipement";1
"hs_rapport";1
"ï»¿gmp_usagers";1
"rm00103";1
"tx00102";1
"tx00201";1
